superparticipant,symptom_mean,symptom_min,symptom_max,n_participants,scale,n_trials
1,-1.653565909775842,-1.75680383360275,-1.59961610479715,10,Compulsivity,1472
2,-1.520900541872512,-1.58076787048566,-1.48882035025285,10,Compulsivity,1440
3,-1.432102740735145,-1.46921243633704,-1.4020102738122,10,Compulsivity,1440
4,-1.371819701419955,-1.40096376041301,-1.33568291242114,10,Compulsivity,1440
5,-1.3033637661419042,-1.33166929265713,-1.28154985482211,10,Compulsivity,1472
6,-1.248923142580848,-1.27936380481779,-1.2255834852651,10,Compulsivity,1456
7,-1.217376991578639,-1.2248928562048,-1.21290225762089,10,Compulsivity,1472
8,-1.183387917548322,-1.20700636132504,-1.16403008739272,10,Compulsivity,1456
9,-1.1484300823022502,-1.16255305529536,-1.13211758960597,10,Compulsivity,1392
10,-1.121459640445182,-1.13188311112119,-1.10818971776864,10,Compulsivity,1424
11,-1.0989073442826611,-1.10649132092559,-1.08849482115221,10,Compulsivity,1440
12,-1.076520346129822,-1.0867665075715,-1.06824127805597,10,Compulsivity,1440
13,-1.050943932956133,-1.06670605902953,-1.0315633822176,10,Compulsivity,1376
14,-1.020567271425644,-1.03132629101768,-1.00712354888607,10,Compulsivity,1392
15,-0.9955065746132739,-1.00492683477409,-0.989283555073,10,Compulsivity,1456
16,-0.9754633689035502,-0.989116221394426,-0.960641074043019,10,Compulsivity,1456
17,-0.9492338904725903,-0.958220851755992,-0.940869924496553,10,Compulsivity,1440
18,-0.9332458890424764,-0.940688608943087,-0.925470364181252,10,Compulsivity,1408
19,-0.9123539583740745,-0.923944610707689,-0.904775908652499,10,Compulsivity,1424
20,-0.8861892827124498,-0.902646786826591,-0.871880068962265,10,Compulsivity,1424
21,-0.8587296859072394,-0.871855261276174,-0.846419618404543,10,Compulsivity,1424
22,-0.8294520047854871,-0.839464508122281,-0.820165698406036,10,Compulsivity,1408
23,-0.8098558165504697,-0.819277477166998,-0.79847563136869,10,Compulsivity,1424
24,-0.7833314913264997,-0.794218759968267,-0.774384894746754,10,Compulsivity,1424
25,-0.7685104950318312,-0.774050382937861,-0.762894158775923,10,Compulsivity,1424
26,-0.7469956335544359,-0.760523020832152,-0.735677471457155,10,Compulsivity,1488
27,-0.7219281572287302,-0.734548395875868,-0.711996150498144,10,Compulsivity,1472
28,-0.6976878297806224,-0.706234552123374,-0.686798813410763,10,Compulsivity,1440
29,-0.679742317581737,-0.685769317481052,-0.6726697612115,10,Compulsivity,1424
30,-0.6645035032930273,-0.671563842782455,-0.655732486610444,10,Compulsivity,1440
31,-0.6459015505824292,-0.654140869676897,-0.636113278493947,10,Compulsivity,1376
32,-0.6296621782216123,-0.634371428790096,-0.621615343461327,10,Compulsivity,1408
33,-0.6124566033973389,-0.619835128395271,-0.605864532698203,10,Compulsivity,1424
34,-0.5943038799714778,-0.605631458704794,-0.583491514949175,10,Compulsivity,1440
35,-0.568502744235322,-0.582638966260627,-0.555232155175672,10,Compulsivity,1440
36,-0.5506810439679863,-0.554552918097634,-0.546575941417248,10,Compulsivity,1408
37,-0.5394040157958582,-0.544744052631991,-0.532072856025872,10,Compulsivity,1456
38,-0.5215937140529923,-0.528717292768233,-0.512355939708392,10,Compulsivity,1440
39,-0.5069098559379526,-0.510994929596471,-0.502726390761981,10,Compulsivity,1376
40,-0.48959078604850026,-0.496050373439061,-0.483615099628211,10,Compulsivity,1456
41,-0.4763757856771688,-0.483152423076772,-0.46837670520669,10,Compulsivity,1408
42,-0.45380577770039,-0.467315585676914,-0.43861046125754,10,Compulsivity,1424
43,-0.4306548575726133,-0.438111711123479,-0.423374176550213,10,Compulsivity,1376
44,-0.40897398111670213,-0.421067637824127,-0.400935854855259,10,Compulsivity,1408
45,-0.3803256322514227,-0.400541224575714,-0.371645784020452,10,Compulsivity,1376
46,-0.3582870800443977,-0.369257272000392,-0.344505220502222,10,Compulsivity,1392
47,-0.3358662770175504,-0.343813680751884,-0.325689673364904,10,Compulsivity,1424
48,-0.3146346071831501,-0.324045880973241,-0.307268379277721,10,Compulsivity,1456
49,-0.28802745115867967,-0.30262104603067,-0.278213831293756,10,Compulsivity,1440
50,-0.2648877987115577,-0.274368277424781,-0.246558440527488,10,Compulsivity,1408
51,-0.2360263018096421,-0.245842067316245,-0.229456479234076,10,Compulsivity,1440
52,-0.212511062560118,-0.22000998981914,-0.205774759722399,10,Compulsivity,1456
53,-0.1941475715471141,-0.205517463231829,-0.184151030338636,10,Compulsivity,1392
54,-0.17611466215015043,-0.184059948306663,-0.169994011417427,10,Compulsivity,1440
55,-0.1503218394954474,-0.166828528394806,-0.136084377093947,10,Compulsivity,1392
56,-0.1188226976549204,-0.135649379280512,-0.105797089459457,10,Compulsivity,1408
57,-0.09131345811130473,-0.103685097700816,-0.0770207326529926,10,Compulsivity,1376
58,-0.0725151439601966,-0.076762837532271,-0.0672936395575765,10,Compulsivity,1424
59,-0.05362386100250832,-0.0631716587120456,-0.0415807706528694,10,Compulsivity,1408
60,-0.03066394664365819,-0.0369767052703664,-0.022960937067087,10,Compulsivity,1408
61,-0.0060736647191387905,-0.0203587982899032,0.0093695316217524,10,Compulsivity,1408
62,0.025893146301283754,0.0174004463442528,0.0343543062414699,10,Compulsivity,1440
63,0.04714104986971844,0.0394732761678343,0.0610648172801084,10,Compulsivity,1392
64,0.0717183064907948,0.0613752129685803,0.0791959083457372,10,Compulsivity,1376
65,0.09492009829289819,0.0826246189668483,0.104534862567301,10,Compulsivity,1392
66,0.11271118219330449,0.105467068163159,0.12214989412051,10,Compulsivity,1392
67,0.13963836095174229,0.124323384947777,0.150189129654537,10,Compulsivity,1392
68,0.1658935530912465,0.157324536085132,0.172684454715746,10,Compulsivity,1440
69,0.1808206284338451,0.172911488368501,0.189725455969275,10,Compulsivity,1392
70,0.20847698840214163,0.190268330578993,0.225318316295943,10,Compulsivity,1392
71,0.2456458865955574,0.226976351339001,0.258489447643924,10,Compulsivity,1424
72,0.2674711611242861,0.264972781248257,0.272862844948109,10,Compulsivity,1392
73,0.2887095529332251,0.27642722022824,0.300030349873427,10,Compulsivity,1408
74,0.3052796129445101,0.300423656355178,0.311300730569824,10,Compulsivity,1376
75,0.3254532432227295,0.311313577725487,0.338747330854839,10,Compulsivity,1360
76,0.3469740874015557,0.339136954245931,0.357840026993993,10,Compulsivity,1392
77,0.37390086016154955,0.359371144131456,0.395675934588202,10,Compulsivity,1376
78,0.407282290504296,0.398420257989787,0.422948958488468,10,Compulsivity,1376
79,0.4337247520594903,0.426669549451853,0.442145339082455,10,Compulsivity,1392
80,0.4578362940942301,0.44423846282797,0.466531677627408,10,Compulsivity,1408
81,0.4865030263442872,0.470018533450252,0.496064977169697,10,Compulsivity,1376
82,0.5253647250063701,0.509580688909009,0.536810334490316,10,Compulsivity,1408
83,0.5566704010777945,0.543220543916768,0.567412525856983,10,Compulsivity,1392
84,0.5835329506533714,0.567761180110634,0.597301375108353,10,Compulsivity,1392
85,0.6169496993910617,0.599516828844466,0.635731669748372,10,Compulsivity,1424
86,0.6480902478663433,0.638547194080087,0.653779466125363,10,Compulsivity,1424
87,0.672739199331731,0.657373906101807,0.688846853083186,10,Compulsivity,1360
88,0.7118626756555841,0.699032452885954,0.72112231251679,10,Compulsivity,1360
89,0.7441316176184449,0.72194946919884,0.772514722253568,10,Compulsivity,1392
90,0.7967215917537617,0.775480682136161,0.824463923192478,10,Compulsivity,1408
91,0.8451322124969811,0.824891150440021,0.875224831959899,10,Compulsivity,1376
92,0.8922973374617815,0.877054675181608,0.91256990343772,10,Compulsivity,1408
93,0.929621215564234,0.913748191788048,0.946962007105807,10,Compulsivity,1392
94,0.9662313295079207,0.94727653309007,0.980851072993389,10,Compulsivity,1376
95,1.014303698277734,0.98477982175392,1.05950101266836,10,Compulsivity,1408
96,1.095616623759468,1.0729063603222,1.11620800939721,10,Compulsivity,1408
97,1.134444941314456,1.11831620076166,1.15817602237407,10,Compulsivity,1408
98,1.191682785509288,1.15893961071565,1.2407622833641,10,Compulsivity,1392
99,1.28662386830282,1.24843839597389,1.32026815049149,10,Compulsivity,1408
100,1.347600666928287,1.32096453883242,1.36321528750533,10,Compulsivity,1408
101,1.426700627147585,1.3687690092639,1.4740887013086,10,Compulsivity,1392
102,1.522812622594225,1.47955070601158,1.55413773062797,10,Compulsivity,1376
103,1.609890499833763,1.55606363373271,1.67800235062211,10,Compulsivity,1392
104,1.7379132035723033,1.68531463293317,1.79063121755227,10,Compulsivity,1392
105,1.8597108477228812,1.79785675950589,1.9136353157848,10,Compulsivity,1392
106,1.9834008007359318,1.91754477930149,2.0607221208927,10,Compulsivity,1424
107,2.119424123716668,2.068501219093,2.16964766157127,10,Compulsivity,1376
108,2.3297760108642587,2.17382878809432,2.46972372077399,10,Compulsivity,1440
109,2.596431650401521,2.48343618426818,2.68946270319744,10,Compulsivity,1392
110,3.302883503966744,2.80514509027028,4.31513316697917,8,Compulsivity,1104
