IDcode,superparticipant,participant_order
1235487,1,1
4966769,1,2
5381027,1,3
5258330,1,4
1112249,1,5
4937425,1,6
1235416,1,7
975696,1,8
5701445,1,9
6011935,1,10
1235488,2,1
2456800,2,2
4934439,2,3
6011953,2,4
1235428,2,5
5479386,2,6
961864,2,7
5024161,2,8
5701471,2,9
1235455,2,10
5416613,3,1
4938538,3,2
1029858,3,3
4822050,3,4
5701851,3,5
1235754,3,6
1235521,3,7
5812574,3,8
1074460,3,9
1235214,3,10
4967090,4,1
1099754,4,2
5813128,4,3
5258208,4,4
5258183,4,5
1235387,4,6
1235275,4,7
955276,4,8
1235188,4,9
5812803,4,10
4822248,5,1
6105938,5,2
989613,5,3
5125836,5,4
5813086,5,5
5701672,5,6
6011509,5,7
1235478,5,8
1076128,5,9
4937985,5,10
1077091,6,1
1235356,6,2
971334,6,3
4937415,6,4
4967173,6,5
1164558,6,6
5416630,6,7
1235192,6,8
6135499,6,9
5416626,6,10
1235412,7,1
4676373,7,2
6011342,7,3
4967188,7,4
1071196,7,5
1030711,7,6
4676713,7,7
5416553,7,8
5701625,7,9
5380733,7,10
5479236,8,1
4676165,8,2
1235288,8,3
6011606,8,4
1107685,8,5
4676332,8,6
6012009,8,7
1235198,8,8
1079257,8,9
5479230,8,10
6011571,9,1
1235752,9,2
1235217,9,3
1235497,9,4
1235482,9,5
961534,9,6
1235570,9,7
1099520,9,8
6012021,9,9
1235503,9,10
1235425,10,1
5479352,10,2
972608,10,3
5813131,10,4
969340,10,5
6011923,10,6
1235432,10,7
4693365,10,8
1235279,10,9
998453,10,10
1235547,11,1
1069540,11,2
983911,11,3
5380744,11,4
6135448,11,5
956553,11,6
1235526,11,7
4693444,11,8
1235517,11,9
5381031,11,10
1235429,12,1
5813033,12,2
1235407,12,3
1235369,12,4
4967109,12,5
4732573,12,6
1235481,12,7
1235516,12,8
4938509,12,9
5416616,12,10
1089461,13,1
1235273,13,2
1235182,13,3
1235395,13,4
1114859,13,5
957167,13,6
1030403,13,7
1235372,13,8
992526,13,9
1235495,13,10
978290,14,1
1235474,14,2
1235663,14,3
1113314,14,4
1089431,14,5
1235313,14,6
973843,14,7
5698967,14,8
1136398,14,9
1235413,14,10
5479289,15,1
5258186,15,2
4732574,15,3
6011988,15,4
1235250,15,5
1077140,15,6
1235296,15,7
1235406,15,8
4693414,15,9
5416520,15,10
6011522,16,1
972382,16,2
5244877,16,3
1235242,16,4
4967138,16,5
1235373,16,6
974604,16,7
1032639,16,8
1235627,16,9
2635251,16,10
1094757,17,1
1020094,17,2
1235227,17,3
1235305,17,4
5702242,17,5
4967095,17,6
1030062,17,7
6011130,17,8
6106002,17,9
5024144,17,10
974106,18,1
4732560,18,2
1235427,18,3
4693287,18,4
1235236,18,5
1235563,18,6
1235492,18,7
1235292,18,8
1020003,18,9
1235426,18,10
984212,19,1
1031514,19,2
4676690,19,3
1235513,19,4
1056537,19,5
983866,19,6
1235224,19,7
1235345,19,8
1098724,19,9
5701828,19,10
1089330,20,1
5701839,20,2
1235205,20,3
967485,20,4
1235300,20,5
1235298,20,6
5416600,20,7
1087803,20,8
4967123,20,9
1031873,20,10
5812825,21,1
974295,21,2
1117048,21,3
1235436,21,4
1235363,21,5
972550,21,6
5381019,21,7
1235408,21,8
1033318,21,9
5258187,21,10
1235329,22,1
1235284,22,2
1235334,22,3
1025813,22,4
1033745,22,5
1235371,22,6
2686462,22,7
4732554,22,8
5479210,22,9
4966686,22,10
1161576,23,1
1235437,23,2
2698655,23,3
1040014,23,4
6011552,23,5
5479204,23,6
1235470,23,7
4967030,23,8
1235716,23,9
989614,23,10
1235382,24,1
1235222,24,2
5812682,24,3
1030251,24,4
965512,24,5
1235343,24,6
1235337,24,7
5812435,24,8
1235178,24,9
4938533,24,10
2134697,25,1
5813133,25,2
1235776,25,3
4966840,25,4
1086429,25,5
1235323,25,6
985205,25,7
4936740,25,8
984798,25,9
4676664,25,10
971779,26,1
4937947,26,2
1092315,26,3
1235534,26,4
1066606,26,5
5416602,26,6
4966961,26,7
4967192,26,8
5024153,26,9
6011864,26,10
1086436,27,1
4967212,27,2
5701666,27,3
5416564,27,4
5125792,27,5
1235314,27,6
1047104,27,7
6011305,27,8
1031608,27,9
1235512,27,10
955102,28,1
2210504,28,2
4933883,28,3
5701792,28,4
5701511,28,5
1059466,28,6
2067206,28,7
1019829,28,8
5701775,28,9
1235494,28,10
980324,29,1
1235368,29,2
990377,29,3
1085727,29,4
4966689,29,5
1235439,29,6
4676624,29,7
5381020,29,8
5698800,29,9
988163,29,10
1058277,30,1
967866,30,2
6105926,30,3
6012039,30,4
2098224,30,5
1235580,30,6
6011299,30,7
6012069,30,8
5701810,30,9
1060742,30,10
1235462,31,1
1077748,31,2
1235237,31,3
1113399,31,4
5381025,31,5
958257,31,6
1235265,31,7
1235486,31,8
1235444,31,9
1235216,31,10
944548,32,1
2603735,32,2
5258147,32,3
955683,32,4
1235448,32,5
1235191,32,6
1067860,32,7
6011593,32,8
983044,32,9
5416587,32,10
4932296,33,1
1235468,33,2
1235349,33,3
5024151,33,4
1235347,33,5
5214510,33,6
1235331,33,7
1235358,33,8
2239676,33,9
1066734,33,10
990502,34,1
5258078,34,2
1235201,34,3
1235441,34,4
5024182,34,5
990840,34,6
1235383,34,7
4676586,34,8
4937933,34,9
5701294,34,10
1114743,35,1
1101067,35,2
1235339,35,3
1235415,35,4
5416599,35,5
972352,35,6
5416551,35,7
4937981,35,8
4676779,35,9
1235302,35,10
5812780,36,1
4676574,36,2
1068331,36,3
2232293,36,4
1235325,36,5
1235522,36,6
992115,36,7
2160238,36,8
1086722,36,9
1235181,36,10
972585,37,1
1009029,37,2
958577,37,3
1235251,37,4
1060654,37,5
4932721,37,6
976140,37,7
6105966,37,8
1069381,37,9
6011554,37,10
4966473,38,1
1105080,38,2
3097811,38,3
6011406,38,4
1027427,38,5
4676830,38,6
4754781,38,7
2310943,38,8
5259423,38,9
1235422,38,10
2078058,39,1
1072153,39,2
967144,39,3
1235379,39,4
1235485,39,5
1235295,39,6
979523,39,7
4967179,39,8
954995,39,9
2618643,39,10
6012100,40,1
4822062,40,2
5698581,40,3
5479343,40,4
5812994,40,5
992393,40,6
1235234,40,7
1077672,40,8
3117248,40,9
1235419,40,10
1235362,41,1
4754908,41,2
1235418,41,3
1235274,41,4
1030377,41,5
4676552,41,6
5416566,41,7
1059261,41,8
1026298,41,9
1235471,41,10
1235759,42,1
985936,42,2
5258168,42,3
5812926,42,4
1033397,42,5
1235394,42,6
968578,42,7
969744,42,8
1235475,42,9
1235367,42,10
1235458,43,1
1235228,43,2
1055457,43,3
1235543,43,4
2134070,43,5
1235747,43,6
4732566,43,7
1235541,43,8
1235375,43,9
1235490,43,10
2436677,44,1
1235194,44,2
4676632,44,3
5479176,44,4
1235309,44,5
1235186,44,6
1099082,44,7
5125778,44,8
1235267,44,9
961560,44,10
1235376,45,1
1092255,45,2
1235523,45,3
2137062,45,4
1060306,45,5
1029776,45,6
1235189,45,7
2293260,45,8
2093099,45,9
5416596,45,10
985216,46,1
1080861,46,2
2046838,46,3
1097476,46,4
5258260,46,5
2243779,46,6
1235364,46,7
1235246,46,8
2077319,46,9
5416618,46,10
1235353,47,1
5258176,47,2
1235366,47,3
1074018,47,4
1003328,47,5
1235249,47,6
1032579,47,7
957126,47,8
5244842,47,9
1033030,47,10
4693349,48,1
1032530,48,2
1235365,48,3
1235469,48,4
1235414,48,5
972433,48,6
4676749,48,7
1235338,48,8
5479431,48,9
4822291,48,10
1072306,49,1
955119,49,2
4755040,49,3
4938546,49,4
1030520,49,5
1235548,49,6
4693217,49,7
5381018,49,8
961191,49,9
1235324,49,10
5244909,50,1
5701467,50,2
1235499,50,3
3345481,50,4
1235230,50,5
1077499,50,6
1235447,50,7
1061755,50,8
1235453,50,9
1235180,50,10
1235477,51,1
6135431,51,2
5701784,51,3
2339152,51,4
3042423,51,5
1235442,51,6
2126843,51,7
4822047,51,8
4676782,51,9
975381,51,10
1033887,52,1
4693268,52,2
6011636,52,3
5380731,52,4
5024270,52,5
4732567,52,6
955342,52,7
955303,52,8
1235514,52,9
1235264,52,10
1096800,53,1
1000944,53,2
1059911,53,3
1089331,53,4
2126504,53,5
1056146,53,6
959561,53,7
3354305,53,8
2111320,53,9
4967069,53,10
1235411,54,1
4732559,54,2
977249,54,3
5812988,54,4
1068985,54,5
2097059,54,6
1066559,54,7
2170622,54,8
2106754,54,9
1030362,54,10
1235306,55,1
1235403,55,2
1235336,55,3
4693391,55,4
1235391,55,5
2603019,55,6
973458,55,7
1083775,55,8
1235454,55,9
1084496,55,10
970091,56,1
1235434,56,2
953958,56,3
1235282,56,4
5701292,56,5
5701793,56,6
5258238,56,7
1235270,56,8
1235241,56,9
981984,56,10
1235196,57,1
1235268,57,2
1235271,57,3
1235340,57,4
3580868,57,5
1235277,57,6
1235539,57,7
1235332,57,8
4967184,57,9
1235597,57,10
1235231,58,1
5125838,58,2
1054199,58,3
1072034,58,4
1235508,58,5
976614,58,6
1069986,58,7
1235281,58,8
991011,58,9
976932,58,10
5416543,59,1
970770,59,2
1089279,59,3
4676821,59,4
1235662,59,5
1000003,59,6
2272381,59,7
1030394,59,8
984377,59,9
1235301,59,10
5698691,60,1
1235446,60,2
2125731,60,3
1235520,60,4
2391757,60,5
1235262,60,6
1235389,60,7
958541,60,8
5258048,60,9
5813112,60,10
4676935,61,1
969364,61,2
1235328,61,3
982442,61,4
5701956,61,5
958100,61,6
1081810,61,7
4936749,61,8
1235221,61,9
955021,61,10
5812984,62,1
5244885,62,2
973225,62,3
3410038,62,4
1235501,62,5
1235355,62,6
4755068,62,7
1235212,62,8
1235233,62,9
5416591,62,10
1106651,63,1
956993,63,2
4822054,63,3
1235393,63,4
2386497,63,5
982296,63,6
977374,63,7
972471,63,8
963283,63,9
5258154,63,10
1109430,64,1
1235669,64,2
1112029,64,3
1235435,64,4
1235385,64,5
984218,64,6
1235259,64,7
1235384,64,8
6011411,64,9
2168796,64,10
2081677,65,1
6011514,65,2
1235297,65,3
1087954,65,4
1235424,65,5
1235266,65,6
1060694,65,7
1083215,65,8
955083,65,9
972231,65,10
1123812,66,1
1088055,66,2
2146099,66,3
1235210,66,4
1235438,66,5
974406,66,6
1235496,66,7
6011957,66,8
984204,66,9
1076467,66,10
1235753,67,1
2232762,67,2
4732557,67,3
1235333,67,4
1235404,67,5
989638,67,6
957158,67,7
4693421,67,8
2445852,67,9
1235245,67,10
1235235,68,1
1026348,68,2
1235392,68,3
5258144,68,4
1235459,68,5
4937419,68,6
6135509,68,7
5701674,68,8
1086524,68,9
1235519,68,10
2456055,69,1
1235229,69,2
1235417,69,3
1029483,69,4
1028174,69,5
1019545,69,6
1235507,69,7
5701505,69,8
6011895,69,9
1087676,69,10
1235286,70,1
1059194,70,2
1235762,70,3
957089,70,4
976152,70,5
1235315,70,6
1059249,70,7
2127171,70,8
1235555,70,9
5258034,70,10
1235263,71,1
6011958,71,2
5258153,71,3
1235272,71,4
969855,71,5
1109466,71,6
974217,71,7
1071224,71,8
1098967,71,9
964156,71,10
1235461,72,1
2648750,72,2
1235206,72,3
1235760,72,4
958360,72,5
971577,72,6
1076254,72,7
1066462,72,8
1033395,72,9
2209358,72,10
1235440,73,1
1235303,73,2
1235381,73,3
4676931,73,4
1057764,73,5
958619,73,6
1032457,73,7
4693354,73,8
1235244,73,9
1235207,73,10
1072208,74,1
1055828,74,2
5813168,74,3
1235322,74,4
2470254,74,5
1039326,74,6
2342152,74,7
966004,74,8
983545,74,9
1029603,74,10
1235185,75,1
954564,75,2
1235533,75,3
1235386,75,4
3536276,75,5
1235255,75,6
2166643,75,7
2367778,75,8
2395415,75,9
1235294,75,10
2260141,76,1
5701681,76,2
5416672,76,3
1235400,76,4
1235351,76,5
2289409,76,6
1235287,76,7
1235405,76,8
1235577,76,9
1235293,76,10
6012017,77,1
1077520,77,2
1235572,77,3
1235456,77,4
2312211,77,5
1235248,77,6
1235311,77,7
2216606,77,8
1235493,77,9
1235571,77,10
1235562,78,1
2233907,78,2
1235479,78,3
1235280,78,4
1235326,78,5
1031236,78,6
956021,78,7
1235308,78,8
1235763,78,9
4899080,78,10
1058510,79,1
1066043,79,2
2085773,79,3
1235431,79,4
3494245,79,5
1235532,79,6
1235542,79,7
1235420,79,8
1235254,79,9
4967131,79,10
1235527,80,1
5701797,80,2
1066212,80,3
5701702,80,4
1071343,80,5
958563,80,6
1235545,80,7
1235450,80,8
1235193,80,9
1235203,80,10
2210310,81,1
1235525,81,2
1235200,81,3
2078871,81,4
6011525,81,5
1235291,81,6
1235184,81,7
1235695,81,8
2057094,81,9
955984,81,10
1235472,82,1
2082809,82,2
1235190,82,3
985153,82,4
1069895,82,5
1005185,82,6
2288615,82,7
5416573,82,8
4932999,82,9
979791,82,10
1235673,83,1
4822043,83,2
2170315,83,3
1085767,83,4
1235319,83,5
2126684,83,6
1025854,83,7
1008967,83,8
982316,83,9
1235269,83,10
959130,84,1
1066153,84,2
2462347,84,3
3098392,84,4
989292,84,5
1235354,84,6
1235240,84,7
1235550,84,8
5258251,84,9
1235624,84,10
973896,85,1
5258257,85,2
1113140,85,3
1056861,85,4
1235317,85,5
5701693,85,6
5258181,85,7
970214,85,8
975356,85,9
1235465,85,10
6012086,86,1
1235433,86,2
6011982,86,3
2128553,86,4
3648080,86,5
3324350,86,6
1235346,86,7
1032513,86,8
1080555,86,9
5701829,86,10
1003011,87,1
1076202,87,2
2421034,87,3
987475,87,4
955077,87,5
1235215,87,6
1080350,87,7
1057805,87,8
2377816,87,9
2062497,87,10
974187,88,1
1235506,88,2
2467790,88,3
1107856,88,4
973708,88,5
2346581,88,6
2339727,88,7
973496,88,8
2342891,88,9
1235276,88,10
2175599,89,1
1235399,89,2
1031230,89,3
5258070,89,4
955009,89,5
2317660,89,6
4693420,89,7
2679859,89,8
1235202,89,9
1094893,89,10
1235199,90,1
1235350,90,2
1235464,90,3
2268224,90,4
4754800,90,5
5701759,90,6
984337,90,7
1056155,90,8
1086215,90,9
5701731,90,10
1077746,91,1
1235290,91,2
956843,91,3
1030648,91,4
2121905,91,5
1235220,91,6
2307880,91,7
973356,91,8
984230,91,9
1235489,91,10
5812957,92,1
970018,92,2
1235401,92,3
955240,92,4
966051,92,5
4676722,92,6
1235278,92,7
1235528,92,8
968792,92,9
1235484,92,10
1235225,93,1
1235183,93,2
984214,93,3
2413620,93,4
5258172,93,5
1005286,93,6
1235410,93,7
974337,93,8
1235310,93,9
1235476,93,10
2463396,94,1
2470490,94,2
990171,94,3
1235505,94,4
2389789,94,5
1139756,94,6
1235307,94,7
1235327,94,8
6012012,94,9
1235377,94,10
1019534,95,1
1235195,95,2
4676672,95,3
2735725,95,4
1235511,95,5
2077270,95,6
5258142,95,7
2312107,95,8
1235283,95,9
1008892,95,10
4693452,96,1
1235421,96,2
2687315,96,3
1076245,96,4
988880,96,5
5380721,96,6
1235344,96,7
1235397,96,8
984514,96,9
974241,96,10
1071048,97,1
954010,97,2
2122391,97,3
4755052,97,4
3335446,97,5
1059408,97,6
1235451,97,7
955383,97,8
6012055,97,9
1039920,97,10
2239242,98,1
1040390,98,2
1235226,98,3
959708,98,4
1003223,98,5
957953,98,6
1235445,98,7
1235569,98,8
1235491,98,9
973065,98,10
5813064,99,1
3354946,99,2
2671907,99,3
2387205,99,4
982693,99,5
1235318,99,6
6011894,99,7
982404,99,8
1105574,99,9
4693338,99,10
1041483,100,1
5812841,100,2
1235335,100,3
2466933,100,4
1235330,100,5
1235219,100,6
956352,100,7
1111115,100,8
2459116,100,9
4693306,100,10
5812843,101,1
4676746,101,2
2619216,101,3
1235238,101,4
1235500,101,5
955023,101,6
1107155,101,7
2297108,101,8
959386,101,9
1100590,101,10
5258146,102,1
1235374,102,2
1235361,102,3
1058926,102,4
1235504,102,5
1089829,102,6
1074043,102,7
1089319,102,8
1084292,102,9
1235218,102,10
1235558,103,1
971440,103,2
1060303,103,3
2432832,103,4
1235473,103,5
960817,103,6
4676560,103,7
1235557,103,8
972740,103,9
1094362,103,10
2549364,104,1
1235538,104,2
2380786,104,3
972410,104,4
1235239,104,5
974795,104,6
1235452,104,7
4754889,104,8
2708065,104,9
2230951,104,10
5258219,105,1
972235,105,2
1235352,105,3
1235223,105,4
969242,105,5
1235467,105,6
956927,105,7
966909,105,8
1235213,105,9
5701713,105,10
5258229,106,1
1235423,106,2
1072006,106,3
2462541,106,4
4676835,106,5
4754737,106,6
1235211,106,7
3590467,106,8
6011567,106,9
3534953,106,10
1063610,107,1
1235299,107,2
2452600,107,3
4693437,107,4
2260695,107,5
2135561,107,6
2689764,107,7
960758,107,8
1002300,107,9
1235342,107,10
4693443,108,1
2058944,108,2
1235460,108,3
966047,108,4
4732565,108,5
958771,108,6
1235187,108,7
5125976,108,8
1039632,108,9
1235197,108,10
1102002,109,1
1052583,109,2
2126839,109,3
967215,109,4
973276,109,5
972412,109,6
1235498,109,7
2076673,109,8
2085260,109,9
969684,109,10
3347366,110,1
1039513,110,2
3485618,110,3
2265801,110,4
2341824,110,5
2969682,110,6
1235370,110,7
2086903,110,8
