mu_sigmasq,beta_sigmasq,sigma_mu_x,mu_a,sigma_a,w0,w1,w2,sigma_w0,sigma_w1,sigma_w2,mu_sigmasq_var,beta_sigmasq_var,mu_a_var,sigma_a_var,w0_var,w1_var,w2_var,sigma_w0_var,sigma_w1_var,sigma_w2_var,posterior_q25_mu_sigmasq,posterior_q975_mu_sigmasq,posterior_q25_beta_sigmasq,posterior_q975_beta_sigmasq,posterior_q25_sigma_mu_x,posterior_q975_sigma_mu_x,posterior_q25_mu_a,posterior_q975_mu_a,posterior_q25_sigma_a,posterior_q975_sigma_a,posterior_q25_w0,posterior_q975_w0,posterior_q25_w1,posterior_q975_w1,posterior_q25_w2,posterior_q975_w2,posterior_q25_sigma_w0,posterior_q975_sigma_w0,posterior_q25_sigma_w1,posterior_q975_sigma_w1,posterior_q25_sigma_w2,posterior_q975_sigma_w2,mean_subject_true_a,sd_subject_true_a,mean_subject_true_w0,mean_subject_true_w1,mean_subject_true_w2,sd_subject_true_w0,sd_subject_true_w1,sd_subject_true_w2,num_trials,num_subjects
0.24952053,0.44705984,0.5659831,0.9732098,0.035028283,-0.077492386,0.14584818,-0.10873529,1.0238442,1.0495477,0.9314583,0.00022998608,0.0029342289,9.053267e-05,5.7160232e-05,0.0017277601,0.001725045,0.0015071596,0.0008722805,0.0009580459,0.00079062337,0.22058515,0.2791545,0.34246415,0.56087536,0.46820176,0.6494025,0.9609262,0.99371046,0.023919271,0.05076564,-0.15587862,0.0040619597,0.06898848,0.2228835,-0.18602224,-0.035778347,0.96643245,1.0820291,0.9950599,1.1125076,0.8787845,0.98944646,0.9647053,0.02062427,-0.065978065,0.14390226,-0.11098997,0.99815166,1.0188278,0.9347312,210,663
0.2384948,0.366019,0.5562548,0.97091407,0.024585372,0.027262924,0.21814585,-0.07384857,1.0775765,1.0215536,0.97135025,0.00020237529,0.0015179394,2.4167612e-05,2.3126853e-05,0.0017231259,0.0016886004,0.0014148821,0.0010714583,0.0009211156,0.0008325112,0.21159486,0.2657162,0.29717183,0.44956267,0.46654025,0.6497706,0.96439165,0.9836599,0.016848395,0.035004303,-0.05563139,0.11058646,0.13799532,0.29443762,-0.1498832,0.001389901,1.0170963,1.1459833,0.96511227,1.0831108,0.9156113,1.0303724,0.96642995,0.019457238,0.04327866,0.20812553,-0.068061315,1.0566608,0.9913094,0.9648069,210,663
0.2341135,0.46830216,0.60854024,0.9724202,0.029562403,0.007947368,0.19489564,-0.06112116,0.9949766,1.0232221,1.0050912,0.00015787919,0.00692273,7.184033e-05,7.605932e-05,0.0015647993,0.0016187768,0.0014264012,0.00088744663,0.0010099066,0.00083734177,0.21184063,0.26014742,0.34056064,0.6333724,0.5280479,0.6899042,0.96256524,0.9933742,0.013920678,0.048661273,-0.068668835,0.08772577,0.118875764,0.27899328,-0.13892487,0.01419877,0.9369304,1.050375,0.961421,1.0902569,0.9483232,1.0647575,0.96561337,0.020562839,-0.008788689,0.20361225,-0.062366724,0.97517943,1.0347041,0.99421906,210,663
0.22341534,0.56332195,0.63642275,0.9823386,0.04114029,-0.07623703,0.17417149,-0.10001168,0.9864274,1.0406705,1.014172,0.00011312771,0.008231314,5.836353e-05,4.166491e-05,0.0014756974,0.0018202189,0.0016811988,0.0008351567,0.0009688454,0.0008470986,0.20589614,0.24756777,0.42372343,0.74795353,0.56373066,0.71827054,0.96729636,0.9944323,0.028915122,0.05372634,-0.15187907,0.0017055782,0.094540015,0.26228684,-0.18571115,-0.020372506,0.9302502,1.0399716,0.97768754,1.1015718,0.9602764,1.0739294,0.96440834,0.02190187,-0.09010877,0.1751612,-0.1049233,1.0010015,1.0224351,1.0096021,210,663
0.25270855,0.7156643,0.5813879,0.9725389,0.038884677,-0.051173892,0.15476958,-0.13490073,1.0484635,0.9998978,0.98404056,0.00012977007,0.009677296,7.954768e-05,5.852499e-05,0.0017499705,0.0016200354,0.0015628234,0.0008924586,0.00087864045,0.0009243738,0.23175101,0.2781407,0.5590542,0.9312655,0.501325,0.6557269,0.9582858,0.9923834,0.024816513,0.05371001,-0.13053404,0.029824883,0.07694157,0.23260391,-0.20994253,-0.05889738,0.9914198,1.1095424,0.9434706,1.0594409,0.92623097,1.0448627,0.96531016,0.020458354,-0.05154007,0.15912808,-0.13848382,1.0240144,0.9880653,0.97648466,210,663
0.22261754,0.4420392,0.5903069,0.9748617,0.03005432,0.037664324,0.24516927,-0.088194236,0.99954504,0.9958347,1.0191417,0.000115281924,0.009150822,4.0667925e-05,4.3246197e-05,0.0016825505,0.0016350779,0.0016485011,0.00094332255,0.0009728164,0.00091986376,0.20238246,0.2432492,0.30374676,0.62822133,0.5078984,0.67882395,0.96588576,0.9902092,0.019848904,0.04444341,-0.03764744,0.122205436,0.16350584,0.32521358,-0.1641615,-0.006662556,0.94012016,1.0599532,0.9424808,1.0601677,0.96228874,1.0780098,0.9657001,0.020481285,0.031300016,0.25724274,-0.08156196,0.9882931,0.976059,1.0043713,210,663
0.22732921,0.41301557,0.5592284,0.96491,0.01849246,0.041673113,0.20977934,-0.11659811,0.9943355,1.0387893,1.0089575,0.00026613893,0.004322455,6.1125374e-06,9.761209e-06,0.0016248036,0.0016911491,0.0015718275,0.0009088879,0.0009211754,0.00084835524,0.20160967,0.26345804,0.2868352,0.560007,0.46594188,0.65032107,0.96090955,0.9708779,0.013838827,0.026526505,-0.034287848,0.1198729,0.13387099,0.28699687,-0.19607186,-0.037403572,0.9387542,1.0551499,0.9824512,1.0965909,0.9506432,1.0609326,0.9650894,0.020168068,0.030652197,0.20458984,-0.10865151,0.99280435,1.0235806,0.9952133,210,663
0.2450451,0.6576341,0.56230253,0.9722672,0.037065234,0.039439783,0.21485047,-0.16560167,1.0208094,1.0542076,1.0410701,0.0001871141,0.006482334,7.3780924e-05,4.238375e-05,0.0015767463,0.0017275581,0.0016408332,0.0009700119,0.0010739461,0.000954696,0.22047907,0.2728385,0.50913584,0.83584905,0.4781401,0.6504342,0.9595648,0.99049383,0.024670681,0.048782434,-0.03851844,0.1184863,0.13174291,0.29916283,-0.24577759,-0.08993663,0.95719504,1.0808346,0.9950781,1.1219186,0.9822652,1.1041303,0.9636814,0.020941041,0.038842686,0.21466959,-0.17182861,1.0113932,1.0309405,1.0271155,210,663
0.22590873,0.50859666,0.5216758,0.96782684,0.023445366,-0.0077162236,0.20903224,-0.049280167,1.0410897,0.9971522,0.982611,0.00011603346,0.005760399,4.4502627e-05,3.7818783e-05,0.0016622886,0.0015281766,0.0014004384,0.0010847988,0.00090810924,0.0007901237,0.20652033,0.2488156,0.37748042,0.6589603,0.42607138,0.60948575,0.96143264,0.9900295,0.016149107,0.042263642,-0.08870081,0.074436344,0.12860566,0.28428295,-0.12553856,0.025752485,0.97636724,1.106998,0.9405461,1.0577621,0.9301493,1.0421642,0.9640274,0.021255689,-0.006263966,0.21993844,-0.044627097,1.0204248,0.98992366,0.9885022,210,663
0.19551688,0.4857262,0.50238127,0.9702685,0.02328671,-0.043765668,0.2152472,-0.16020046,0.9853159,1.0191511,1.0136471,0.00012475712,0.0047003482,1.9167044e-05,2.8933075e-05,0.0015213717,0.0016504335,0.0016347081,0.00087284803,0.00096972723,0.00086944853,0.17627695,0.2180085,0.38654417,0.6569044,0.404668,0.58455604,0.9640781,0.9810011,0.0147099355,0.034978244,-0.12339713,0.03382022,0.13543677,0.29728085,-0.239118,-0.081232294,0.9293284,1.0472662,0.96227187,1.0822507,0.96006876,1.0740862,0.9647834,0.01943772,-0.0544125,0.20114617,-0.1585993,0.97800446,1.0140159,1.0183818,210,663
0.22131465,0.6136493,0.6426334,0.97092104,0.029653173,0.0006807031,0.1706231,-0.05934824,1.0053523,1.03212,1.0293815,0.0001713391,0.0065833325,4.9060513e-05,5.863595e-05,0.0015519578,0.0018859995,0.001604425,0.0009614381,0.0010457524,0.0009897354,0.20022045,0.24778342,0.48393595,0.80950737,0.5618846,0.73011196,0.9631858,0.9902179,0.017063756,0.0454927,-0.078003794,0.07771828,0.083036825,0.2567264,-0.13786283,0.02653512,0.94584095,1.068122,0.96937126,1.093382,0.969476,1.091849,0.9654974,0.020097153,0.0033056014,0.17723079,-0.054368056,1.0013704,1.0318357,1.01221,210,663
0.20723103,0.53011394,0.55372226,0.9718203,0.029085198,-0.01999928,0.24334541,-0.14030814,1.0082794,1.0009447,0.9726353,8.05706e-05,0.003781713,6.755917e-05,5.2710388e-05,0.0015591357,0.0017394645,0.0015009387,0.0009344328,0.0008630279,0.0008630467,0.19108735,0.22602203,0.4222987,0.65966505,0.47445336,0.6489355,0.96187687,0.99019915,0.016491678,0.04320054,-0.096873276,0.057537667,0.16343424,0.32431096,-0.21270202,-0.06723266,0.9490043,1.0697924,0.9432881,1.0571246,0.9173946,1.033264,0.9653834,0.020947726,-0.026272865,0.22706346,-0.1483864,0.9904691,0.97892654,0.9635147,210,663
0.20794542,0.6946059,0.6354476,0.973331,0.03433093,0.010800108,0.20463304,-0.102806695,1.0100698,0.982705,0.98959285,0.00013471971,0.0060968893,5.08053e-05,3.6186597e-05,0.0017301197,0.0014828251,0.0015306566,0.0009867691,0.0008283959,0.00088466256,0.18074773,0.22735225,0.5624053,0.85693246,0.554828,0.7182522,0.9621359,0.99023235,0.024135036,0.04627184,-0.06956635,0.09382202,0.13006459,0.27812365,-0.18011646,-0.025918206,0.9531795,1.0753139,0.9299043,1.0411072,0.93329996,1.0519414,0.964784,0.020780412,0.012686021,0.2057862,-0.09575251,0.9680162,0.95822734,0.97744095,210,663
0.22629102,0.45306027,0.6221396,0.97674114,0.034916032,-0.024861654,0.2152713,-0.05764048,1.0386955,1.0692344,0.98970693,0.00022304116,0.0045078616,5.60559e-05,3.3080643e-05,0.0016711551,0.0017557977,0.00156675,0.0009605941,0.0010322664,0.0008441631,0.19908568,0.2543562,0.34601924,0.6162204,0.5354651,0.7083446,0.9651588,0.9926948,0.02440423,0.04545822,-0.10829988,0.050086554,0.12920776,0.29354,-0.13930142,0.019082377,0.980903,1.1030319,1.0066925,1.1337466,0.9330501,1.04661,0.96526927,0.02082754,-0.015747903,0.20590137,-0.05550143,1.0178069,1.0547372,0.9735361,210,663
0.22938018,0.5103271,0.56828153,0.9672409,0.022688735,0.016005559,0.1524227,-0.13832647,1.0720297,1.0310992,1.030084,0.00019011952,0.0044903453,3.5222136e-05,2.9878322e-05,0.0017375245,0.0017101826,0.0017473215,0.0009841012,0.0009614356,0.0009907047,0.20442645,0.25666174,0.39136747,0.6430859,0.46637502,0.6627873,0.96078545,0.98789084,0.0150581775,0.03909254,-0.06826682,0.09752359,0.0711821,0.2339112,-0.2241952,-0.059413694,1.0087912,1.133781,0.97059554,1.0919211,0.9722341,1.09614,0.9643611,0.0204927,0.007308759,0.14671376,-0.13677472,1.0359414,0.9897966,1.0055686,210,663
0.22173606,0.50186205,0.55979013,0.97354007,0.02884324,-0.003813204,0.23799865,-0.13827543,1.0076054,1.0037886,1.0203481,0.00013307677,0.0073055956,5.4937493e-05,3.9987135e-05,0.0016929779,0.0015883339,0.0016501839,0.0009365108,0.00095863873,0.0009598908,0.20046552,0.24685362,0.36646262,0.7098904,0.45921832,0.64102197,0.9637829,0.99158585,0.019641595,0.043072388,-0.08358097,0.07697028,0.15910676,0.31217828,-0.21595375,-0.059247833,0.9488077,1.0687026,0.9464274,1.0673412,0.9640787,1.0817502,0.963737,0.021026094,0.00072349934,0.21295944,-0.12466684,0.9787943,1.0039399,1.0015454,210,663
0.20985074,0.56348324,0.60777897,0.9712498,0.031379465,-0.00057689287,0.24005257,-0.11154544,1.0380006,0.9999016,1.0278596,0.00018685375,0.017764084,3.6824167e-05,2.4716843e-05,0.0017970668,0.0015796777,0.0017894615,0.0009908903,0.0009240583,0.0009828085,0.18579847,0.23892254,0.3580357,0.82772857,0.5327755,0.6837415,0.9608838,0.9846573,0.022494286,0.04167924,-0.08398042,0.0838022,0.16001698,0.31462213,-0.19648005,-0.030936718,0.9798345,1.1013242,0.9438392,1.0623527,0.9672241,1.0892429,0.96468484,0.020835506,0.0014568145,0.21982458,-0.111064285,1.029573,0.9919755,1.0166271,210,663
0.23934048,0.44404048,0.51649976,0.96459794,0.026433405,0.010479281,0.26824418,-0.09744045,1.0408335,1.0118841,0.975282,0.00018938372,0.003471968,1.893891e-05,2.511194e-05,0.0017748727,0.0015864805,0.0015069388,0.0009810776,0.0009569082,0.0008647317,0.21434776,0.26702607,0.3524397,0.56273425,0.44659615,0.59345555,0.9567094,0.975209,0.018049855,0.036066853,-0.07561952,0.090623766,0.18930672,0.3432891,-0.17338187,-0.024615489,0.9792385,1.0994548,0.95342094,1.0747606,0.9148107,1.0372016,0.9626233,0.022243692,0.028962305,0.25416765,-0.07898864,1.0155983,0.9933536,0.9567947,210,663
0.2294421,0.47635096,0.5104584,0.9687288,0.024356397,0.016381761,0.15930359,-0.12579006,1.0331429,0.9794791,1.0267527,0.00013825155,0.0032478091,1.3776675e-05,1.8807492e-05,0.0018069895,0.0016552254,0.0016688022,0.0009235198,0.000795713,0.0009565269,0.20272182,0.25225842,0.38896242,0.6122676,0.38432825,0.5963187,0.96335685,0.9778259,0.016639752,0.035123542,-0.070618935,0.09580759,0.077680476,0.233387,-0.20672305,-0.04808869,0.97791505,1.0959268,0.9261076,1.0355188,0.968509,1.0866172,0.96476,0.020475432,0.01703343,0.16339123,-0.11260428,1.0090777,0.9705348,1.031755,210,663
0.24313936,0.52207583,0.6220606,0.97011006,0.030130552,0.033421244,0.16701205,-0.020083085,1.0446594,1.01377,1.0038809,0.00014238615,0.0041501014,5.431423e-05,3.565486e-05,0.00161812,0.0016729968,0.0016907747,0.0010297559,0.00089056377,0.0009001451,0.22024561,0.26819494,0.4152628,0.653957,0.5418429,0.7098166,0.96073335,0.9903061,0.020929137,0.044199537,-0.04835086,0.10885124,0.083841816,0.24763878,-0.102381565,0.06107763,0.98474103,1.1082642,0.9578172,1.0758722,0.9485309,1.0658358,0.9651986,0.021587005,0.02827556,0.1403427,-0.013246636,1.0026176,1.0000033,0.98855096,210,663
0.2398022,0.4033752,0.5178114,0.9745173,0.028114622,-0.009933626,0.24727942,-0.13038023,1.0498463,1.0449332,1.0465835,0.0001738142,0.0021345292,4.4231958e-05,1.8009741e-05,0.0018668042,0.0015889349,0.001815024,0.0009874571,0.0010338168,0.00094871584,0.21458785,0.2659073,0.31273177,0.49788785,0.41981798,0.6156208,0.9652961,0.9909697,0.020901218,0.03680824,-0.095689856,0.076464616,0.1694248,0.32561588,-0.21652114,-0.052826647,0.9906783,1.112656,0.9860612,1.1125717,0.9838517,1.1059768,0.9650533,0.021492131,-0.0073409504,0.2466256,-0.121751815,1.0342586,1.030064,1.0321335,210,663
0.21333982,0.5874156,0.5741215,0.97093976,0.02219869,-0.01335023,0.24159919,-0.0976323,1.036878,0.9956423,0.99910945,0.00011814072,0.008784613,2.0887119e-05,1.7960008e-05,0.0017619391,0.0015263859,0.001472416,0.0009595816,0.0009920086,0.00092706125,0.19413596,0.23349556,0.44281083,0.80452067,0.48372534,0.66158265,0.965187,0.9832271,0.015808675,0.03275766,-0.09405741,0.06742015,0.16537979,0.31465366,-0.17669939,-0.028497793,0.9808808,1.1011864,0.9351446,1.0565914,0.93776774,1.0568643,0.96608657,0.02060427,-0.014598238,0.22868451,-0.098481596,1.0192707,0.974381,0.9772165,210,663
0.23679307,0.4232646,0.5173944,0.97536546,0.02873806,-0.022367306,0.22359203,-0.066261485,1.0103253,0.9827311,1.042755,0.00016164091,0.0044096387,4.627089e-05,3.7491594e-05,0.0015844995,0.0015092948,0.0017315802,0.00089480024,0.0008694302,0.0009802185,0.21365602,0.26296306,0.31739983,0.5561827,0.43067235,0.6130859,0.96598154,0.9918828,0.01726532,0.040257975,-0.101823196,0.05176891,0.14418666,0.30152494,-0.14731091,0.0145401275,0.9557849,1.0694758,0.9303719,1.0454721,0.9829013,1.1018553,0.9658277,0.020741422,-0.01804565,0.23022668,-0.049512718,0.9952431,0.95176125,1.0097773,210,663
0.2222837,0.47737765,0.5700715,0.9702299,0.028521458,-0.0049692304,0.22961934,-0.07540373,0.9900489,1.0595006,1.0343854,9.87886e-05,0.0026508996,3.6876434e-05,3.1802305e-05,0.001716479,0.0018403108,0.0018160339,0.00088899286,0.00092801737,0.0008556657,0.20361027,0.2428503,0.3800773,0.578376,0.48808536,0.65050375,0.9617724,0.9840004,0.018933453,0.04034543,-0.0840521,0.07714337,0.1493097,0.31434703,-0.16048332,0.006556787,0.93278146,1.0514829,1.0004039,1.1215026,0.97777915,1.0919027,0.9642606,0.020786619,-0.013628717,0.21798417,-0.0757964,0.9473095,1.0473387,1.0119103,210,663
0.24656993,0.47384268,0.5258483,0.9723958,0.033850834,-0.0137175005,0.20976843,-0.011471991,1.0244846,1.0239128,1.0052286,0.00020512425,0.004234297,5.00604e-05,2.5909332e-05,0.0016285127,0.0016847152,0.0015618113,0.000912927,0.0009779155,0.0009352025,0.22026384,0.2767266,0.34325477,0.5997666,0.4347842,0.623518,0.96214974,0.9896414,0.025431788,0.044798445,-0.09682649,0.067903794,0.13141657,0.28925484,-0.086700976,0.06282424,0.9698434,1.0833932,0.9664167,1.0903676,0.9453806,1.0652635,0.96468985,0.020038001,-0.00981628,0.2136908,-0.045446444,0.9919639,0.98088104,0.9910688,210,663
0.23523393,0.44009385,0.55451494,0.96660453,0.027498646,0.00047098187,0.25113973,-0.17145285,1.0217724,0.9704263,0.9882642,0.00019232226,0.0022868828,4.275885e-05,4.58525e-05,0.0016584916,0.0015575507,0.001510957,0.0009411566,0.0008487347,0.0007857074,0.21124566,0.26478016,0.35666806,0.53954375,0.47229958,0.6353806,0.9585962,0.984051,0.016330644,0.042964157,-0.0783276,0.07795614,0.1754257,0.3274002,-0.2451937,-0.09509541,0.9670257,1.08712,0.91469836,1.028781,0.9330279,1.0418099,0.96386665,0.021257024,0.0042415434,0.24086083,-0.17127618,1.0175486,0.9670094,0.9874678,210,663
0.22699223,0.6440103,0.5878418,0.9623838,0.018598378,-0.028459456,0.16746156,-0.1540789,1.0521866,0.9955516,1.0868372,0.00014006795,0.004009907,6.2084164e-06,8.001249e-06,0.0019115855,0.0015917609,0.001817859,0.0009622372,0.0008984387,0.0010849166,0.20740622,0.25286397,0.5232968,0.7739066,0.47788513,0.676729,0.95810467,0.96704066,0.013883612,0.024393076,-0.110045224,0.05409725,0.09038308,0.24625538,-0.2430589,-0.07334435,0.9939629,1.1140432,0.9368841,1.0551097,1.0238339,1.1542767,0.9669652,0.019495206,-0.02110601,0.17064169,-0.13549297,1.0163798,0.97015065,1.0543723,210,663
0.20630574,0.45278415,0.5657351,0.96689,0.021805452,-0.07022109,0.21169357,-0.058697414,0.96675605,0.98614883,1.0327294,0.00015078086,0.003357848,1.6383176e-05,3.2007767e-05,0.0015110844,0.0015664619,0.0017879532,0.0008433111,0.0009090759,0.0009684692,0.18401755,0.23167107,0.34094876,0.562731,0.4936565,0.6542832,0.96140456,0.9772831,0.013404098,0.034246847,-0.1441776,0.0039506448,0.13137321,0.28825024,-0.14727671,0.024310157,0.9126519,1.0277166,0.9300357,1.0480949,0.9744644,1.0968437,0.964522,0.021284431,-0.06772307,0.21622486,-0.04766838,0.9681135,0.9860091,1.0296066,210,663
0.22551109,0.6813681,0.51408416,0.97368085,0.038938116,0.06745315,0.19874458,-0.054492854,1.0571479,1.020582,0.9987317,0.00015091167,0.01824671,7.711314e-05,4.0499148e-05,0.0017824632,0.0016289467,0.0016424479,0.00096288114,0.0009191076,0.0008408839,0.20562369,0.25289345,0.51019716,1.038055,0.43245354,0.59839934,0.9592316,0.9931072,0.028587662,0.051822655,-0.018805651,0.14727595,0.11805057,0.27640593,-0.13321975,0.024214324,0.99544847,1.1181793,0.9663382,1.0855472,0.9467071,1.0560869,0.96338904,0.021266382,0.07425426,0.1994054,-0.06438997,1.0332273,0.99708235,0.9766195,210,663
0.20332532,0.51651216,0.5685411,0.96612227,0.021018097,-0.055504512,0.13968346,-0.04456237,0.9930156,1.0420269,0.97688895,8.846172e-05,0.007818094,4.7971394e-06,1.1106824e-05,0.0014709268,0.001787846,0.0014965124,0.00086649007,0.0009793033,0.0008365432,0.18609247,0.22393435,0.3415877,0.6850832,0.4827732,0.65350425,0.9621586,0.97093403,0.015595018,0.029106684,-0.12536591,0.022620905,0.05251596,0.21963039,-0.118969016,0.028339094,0.93703926,1.0512102,0.9846369,1.105731,0.9207648,1.0345376,0.96406424,0.022246825,-0.0608716,0.13796541,-0.04618387,0.97038364,1.0071006,0.9634909,210,663
0.24039063,0.34204492,0.50725126,0.97642034,0.03652989,-0.11129474,0.24802461,-0.126783,1.0526975,0.98493904,1.0217667,0.00031028094,0.0013200913,7.8319805e-05,4.1431118e-05,0.0017029772,0.0012911519,0.0016674655,0.0010082152,0.00090367155,0.0009889787,0.20628114,0.27387586,0.27486825,0.41218832,0.4260869,0.5940609,0.9607046,0.993557,0.025836248,0.050950155,-0.18997048,-0.03096599,0.17663994,0.31933168,-0.20646366,-0.04997473,0.9947787,1.1156973,0.9285895,1.0440855,0.9591444,1.0835186,0.963976,0.020811375,-0.1201956,0.24400075,-0.12367417,1.0226916,0.9644008,1.0013335,210,663
0.2201703,0.55386126,0.5029771,0.9764522,0.031114547,-0.097310185,0.17622934,-0.057142682,0.98630446,1.0257866,1.0173507,0.00010359891,0.0063065668,5.393429e-05,3.553701e-05,0.0013826472,0.0017265745,0.0016650315,0.0007495485,0.0009684301,0.0009453758,0.20192233,0.24216057,0.43416068,0.7316756,0.41436,0.59614426,0.96536016,0.9929971,0.020122692,0.04181374,-0.17203066,-0.023612402,0.09741315,0.25475135,-0.1406388,0.019418053,0.93623894,1.0416983,0.9679864,1.0889282,0.96013933,1.081624,0.9646881,0.02133674,-0.10031794,0.17174226,-0.07886873,0.9742826,0.9977684,0.9950939,210,663
0.22808816,0.5513926,0.60002625,0.9647393,0.018492134,-0.08353789,0.17434809,-0.043819092,0.9464826,1.0375162,1.024432,0.00010326495,0.0074405978,5.482062e-06,1.4885621e-05,0.0013301426,0.001614633,0.0015847295,0.00073910586,0.0009385581,0.0008631242,0.2093957,0.2472336,0.38521457,0.7217962,0.5048696,0.6937415,0.96000385,0.9692727,0.011592895,0.026886327,-0.15215997,-0.011411275,0.097849384,0.252283,-0.12345885,0.034342125,0.89526975,1.002589,0.98125404,1.0980049,0.9701805,1.0854656,0.96648693,0.018947981,-0.0703043,0.17563878,-0.0373932,0.93749046,1.0402693,0.9892065,210,663
0.22688885,0.63333,0.5974485,0.9712418,0.029561874,-0.046521105,0.18682112,-0.09478002,1.0247453,0.9884389,1.0137582,0.00012479161,0.007899547,6.717617e-05,5.1081326e-05,0.0017137638,0.001473533,0.0016385978,0.0009163004,0.0008661245,0.000977844,0.20572902,0.24953243,0.48802584,0.81745,0.49366385,0.683193,0.9610065,0.99241453,0.019902918,0.045537736,-0.12796971,0.031203765,0.114258684,0.2636501,-0.17224982,-0.015645389,0.9685703,1.0865684,0.9319253,1.0497067,0.95523685,1.0740706,0.96616566,0.019737683,-0.04031193,0.18820275,-0.075208694,1.0168155,0.9875382,0.99445814,210,663
0.2317685,0.45522812,0.54407483,0.97412586,0.036663126,-0.0055536567,0.19222608,-0.011621258,1.0735246,1.0664386,0.9789151,0.00024197559,0.0034375458,9.365623e-05,7.076814e-05,0.0018573962,0.0018130294,0.001458962,0.0010266647,0.0009786262,0.0008297452,0.20401166,0.26028576,0.35859185,0.575834,0.46957436,0.6206822,0.9597461,0.9933969,0.019890426,0.05142647,-0.09225195,0.07778993,0.103905,0.2734849,-0.08515103,0.06485311,1.0120996,1.1373473,1.0057107,1.1321949,0.92377067,1.036168,0.9647178,0.020889465,0.0053848424,0.19070336,-0.020125037,1.0448433,1.0316514,0.9598896,210,663
0.2566929,0.45852438,0.48967183,0.96918386,0.030340225,-0.010504282,0.24653126,-0.029189173,1.048605,0.9463019,1.0364276,0.00023281192,0.0017021917,4.295014e-05,3.2936732e-05,0.0017771977,0.0014437478,0.0016155593,0.00094301824,0.00081833004,0.0009522255,0.23126028,0.28883868,0.38314995,0.5435944,0.4010803,0.5848803,0.9597782,0.9847666,0.021170055,0.04321205,-0.091389865,0.06941142,0.17290694,0.31785053,-0.10745157,0.050782073,0.9929377,1.1108649,0.893488,1.007298,0.9775698,1.0989465,0.964605,0.02064142,-0.00024231024,0.2418449,-0.016072856,1.0322523,0.9296082,1.013128,210,663
0.23517078,0.5153543,0.54755306,0.97302115,0.029282702,0.009843398,0.22601917,-0.093932934,1.0803269,0.9785392,1.0650061,0.00016394594,0.0039516585,5.572269e-05,3.117407e-05,0.001711784,0.0014912606,0.001901416,0.001035769,0.00096638553,0.0010120544,0.21196005,0.2628177,0.4148548,0.6583556,0.47081253,0.6283992,0.9637161,0.9913726,0.020594249,0.041132033,-0.07067819,0.092617,0.15185739,0.3050847,-0.18338852,-0.011678462,1.0185775,1.1450179,0.91976625,1.0421717,1.0051202,1.1297486,0.96439666,0.022336697,0.010693739,0.20061617,-0.09048086,1.0400001,0.98554754,1.0287113,210,663
0.24578254,0.54012966,0.59567857,0.97172266,0.037094194,-0.0017930769,0.16720568,-0.08283058,1.0642098,1.0519139,1.031565,0.00015974627,0.0062843226,7.667336e-05,5.0276543e-05,0.001890103,0.0018831,0.0017866734,0.0010606168,0.00095328834,0.0009204443,0.226163,0.27311465,0.41252565,0.73177314,0.51884973,0.68329966,0.95967877,0.9931429,0.023625532,0.051091503,-0.08830169,0.08120224,0.08200033,0.24948466,-0.16022918,0.003180129,1.0041169,1.1305892,0.99213016,1.1140311,0.9740949,1.0937047,0.9644672,0.021043612,0.0033650033,0.1591274,-0.06711178,1.025851,1.0308032,0.99836886,210,663
0.21231724,0.6876536,0.5819767,0.9628686,0.020698778,-0.0066720024,0.20358881,-0.052024998,0.9969652,1.0287412,1.0267016,0.00012089979,0.008998545,7.359633e-06,1.4558224e-05,0.0017694674,0.0016235259,0.001616417,0.0009131382,0.0009488422,0.0008841681,0.19251877,0.23111723,0.5472887,0.90108144,0.49454668,0.6763116,0.9587287,0.96981907,0.014998203,0.03000984,-0.092483684,0.072706476,0.12499581,0.2831996,-0.1297302,0.027013345,0.94049495,1.0570643,0.9707337,1.0888865,0.97358084,1.0861893,0.9642625,0.020081239,-0.014002871,0.20994183,-0.054310232,1.0047954,1.0159241,1.0138973,210,663
0.23918794,0.39601094,0.48568922,0.96770585,0.016696574,0.0057423096,0.20439819,-0.12929136,1.005337,1.0373546,1.0605983,0.00020070512,0.0019889877,4.959754e-06,8.292008e-06,0.0016031062,0.0018457933,0.0018028944,0.0010254346,0.00097337994,0.00093130785,0.21448576,0.2698868,0.3287631,0.507004,0.4065105,0.5719212,0.9637009,0.9725677,0.012486765,0.024706498,-0.07266724,0.08214649,0.12254518,0.2881031,-0.20934421,-0.044443958,0.9387041,1.0708967,0.97946626,1.0984374,1.0025911,1.119851,0.9652451,0.020602152,0.013129581,0.20447919,-0.11158069,0.98578703,1.0174094,1.0372933,210,663
0.21641141,0.6222304,0.5587062,0.9755408,0.034430727,-0.037455905,0.19491537,-0.039333366,1.0433382,0.9939727,1.0503914,0.000118102056,0.014727155,4.6237717e-05,2.9288134e-05,0.0016756386,0.0016153711,0.0017414527,0.0009893394,0.00088992546,0.0010583699,0.19089842,0.23689389,0.4392197,0.9595321,0.46677762,0.6395121,0.9640981,0.989684,0.024509497,0.045870464,-0.117951006,0.04395735,0.119174026,0.2753718,-0.12558912,0.04590868,0.9816818,1.1100001,0.93718237,1.055051,0.988029,1.1168611,0.9652214,0.021509038,-0.033993006,0.19395967,-0.03712889,1.0402999,0.9913574,1.0236447,210,663
0.24951011,0.48613545,0.63566613,0.9702856,0.025197232,-0.079647265,0.20401844,-0.12478456,1.0679145,1.0020702,0.93879277,0.0001505186,0.0030277187,2.6698403e-05,3.3479006e-05,0.0016363562,0.0016167413,0.0013843467,0.0010541021,0.0009139769,0.00090644247,0.22777419,0.27466798,0.38228872,0.6008977,0.50278854,0.7384156,0.96273136,0.98290354,0.0165486,0.03764111,-0.15376598,-0.0005027579,0.123590104,0.28635114,-0.19756986,-0.048510075,1.0093476,1.135148,0.9432141,1.0607648,0.8822091,1.0003158,0.9653976,0.021513268,-0.09810294,0.20221081,-0.13379785,1.0377424,0.98269403,0.92821705,210,663
0.2404039,0.4574449,0.45768088,0.9688427,0.029855313,0.034263074,0.20678084,-0.13487165,0.96832335,1.0565742,1.0371112,0.00021967657,0.0020870173,3.9877286e-05,4.0604333e-05,0.0015082383,0.0019070087,0.0016836063,0.00078156544,0.00095351395,0.0009949816,0.21551517,0.27480027,0.37710428,0.5499165,0.38086745,0.5245943,0.960128,0.9850821,0.020319216,0.043792564,-0.042288233,0.1072215,0.12480619,0.29397708,-0.21474764,-0.058860596,0.91362596,1.0207798,0.9972979,1.1147288,0.9766587,1.0981036,0.96409184,0.020862894,0.022714583,0.19525535,-0.13866408,0.9402139,1.0247985,1.0116909,210,663
0.24181499,0.3931557,0.49099618,0.9752361,0.027391698,-0.029402928,0.1678032,-0.0871723,0.9791651,1.0581131,1.0611907,0.00016239606,0.0027377896,3.9961e-05,3.815871e-05,0.0014944115,0.0018130753,0.0017447819,0.00094185467,0.0009751669,0.000979688,0.22043143,0.26904997,0.30025995,0.4981528,0.3946908,0.5822379,0.96579736,0.99123865,0.016598599,0.038919188,-0.09961622,0.046898402,0.08530295,0.25022733,-0.16629083,-0.005283166,0.92340004,1.0428268,1.0001575,1.1189703,1.001747,1.1291002,0.9656618,0.02069057,-0.030541359,0.16987343,-0.084924564,0.95919436,1.0276333,1.0238303,210,663
0.20964201,0.58747613,0.50880337,0.97313255,0.02602001,-0.012390893,0.23072208,-0.11231864,1.0319839,1.0012201,0.9992755,8.926593e-05,0.006541732,3.3489036e-05,2.4785917e-05,0.0017226561,0.0015635458,0.0016439293,0.001046346,0.0009536042,0.0009335387,0.19313231,0.2292811,0.46993792,0.779144,0.42236093,0.5980186,0.9653218,0.9886781,0.016545275,0.03666192,-0.09364004,0.06938382,0.15282851,0.31057087,-0.19348948,-0.034061935,0.97104937,1.099057,0.9393612,1.0644385,0.94073427,1.0642111,0.96504104,0.020074906,-0.014482715,0.2397521,-0.107140794,1.0383178,1.0129393,0.9759263,210,663
0.21826753,0.5071637,0.4956741,0.9678919,0.028656919,-0.027292509,0.18969442,-0.12844846,0.96593106,1.0017892,1.0681783,0.0001265001,0.004950846,2.560724e-05,2.0984435e-05,0.0016100239,0.0017179089,0.0017629641,0.0008990044,0.0009216975,0.0010208882,0.19803226,0.24308464,0.40129203,0.6638412,0.41513258,0.58981293,0.9603772,0.9790461,0.020957071,0.037737805,-0.10593471,0.05491213,0.10557216,0.268859,-0.21283123,-0.048822757,0.91169554,1.0246542,0.9445604,1.0594074,1.0070221,1.131418,0.96362746,0.02134918,-0.024992919,0.18372455,-0.12201819,0.9724362,0.995448,1.0302923,210,663
0.19863136,0.5070281,0.5108677,0.9673108,0.020413326,-0.045043916,0.14544849,-0.091966756,0.9700252,1.0010501,1.0655438,8.176908e-05,0.005375336,9.3837425e-06,1.1000066e-05,0.0015106176,0.0015239607,0.0017453559,0.00083547353,0.0008508839,0.0010111695,0.18272127,0.21703064,0.36069378,0.6619316,0.42814535,0.59233874,0.96297485,0.97504616,0.015705977,0.029152598,-0.118073754,0.027774677,0.06833843,0.21954213,-0.17575671,-0.010678554,0.9195483,1.0339297,0.95026094,1.0587395,1.0092838,1.1346437,0.96370083,0.021137225,-0.03809769,0.16299416,-0.100026116,0.97558165,0.99997145,1.04949,210,663
0.2154211,0.4838583,0.52640516,0.9668781,0.01905922,0.021247655,0.22706021,-0.13253784,0.99279314,1.0019201,0.980456,0.00015384471,0.004922649,8.8747365e-06,9.005097e-06,0.0015396951,0.0017551897,0.0014681943,0.0007962266,0.0009530871,0.0009087248,0.19694677,0.24507588,0.34012637,0.6108322,0.4383699,0.6243967,0.9621463,0.9745778,0.013333848,0.02486531,-0.052240025,0.09559129,0.14566182,0.30722433,-0.20609222,-0.05823433,0.93872726,1.0487248,0.9457431,1.0704011,0.9224406,1.0421844,0.9648549,0.02069818,0.020710418,0.21433637,-0.1247433,0.97822434,0.9917278,0.95506424,210,663
0.20536315,0.45158866,0.51006806,0.974001,0.030017,-0.07682555,0.17183596,-0.116182394,0.9924258,1.0259465,1.0197246,0.00017683505,0.0034373912,4.3198117e-05,3.2382417e-05,0.001566511,0.0017211863,0.0016814887,0.0008917264,0.0009841843,0.00090908963,0.17951508,0.23254322,0.33438236,0.56175935,0.42278475,0.5931268,0.96370846,0.98891294,0.020171382,0.0420649,-0.15399706,-0.0013450999,0.08988307,0.25502524,-0.19320671,-0.032317106,0.93809485,1.0519278,0.9699316,1.0919341,0.9616719,1.0796157,0.9642051,0.020282973,-0.07788429,0.17168975,-0.11480913,0.9789138,1.0082633,1.0069454,210,663
0.22730944,0.462168,0.56483537,0.9790446,0.03520408,0.056163356,0.19907512,-0.05083339,0.98780316,1.0113835,1.021936,0.000110147375,0.003935674,6.415135e-05,2.8514758e-05,0.0015133449,0.0016596314,0.0016178618,0.00084391946,0.00093293336,0.00090594805,0.20732446,0.2482691,0.34787646,0.58006185,0.46466768,0.66399306,0.9645052,0.9932302,0.02356086,0.045796245,-0.017480219,0.12965673,0.11909088,0.27639073,-0.13043061,0.02339235,0.93651134,1.0466695,0.95559216,1.0712868,0.963517,1.0830922,0.9653535,0.021180177,0.044668403,0.19776642,-0.04528445,0.9727742,0.99964,1.0046047,210,663
